Country,Alcohol
Armenia,3.7026666666666666
Colombia,4.419333333333333
Equatorial Guinea,7.342
Germany,11.628666666666668
Kazakhstan,6.641333333333334
Montenegro,2.584285714285714
Nicaragua,3.5966666666666667
Nigeria,8.646666666666667
Paraguay,5.527333333333333
United States of America,8.579333333333333
