Country, BMI 
Armenia,44.70625
Colombia,49.54375
Equatorial Guinea,17.85625
Germany,51.99375
Kazakhstan,45.15625
Montenegro,50.4875
Nicaragua,42.68125
Nigeria,19.75
Paraguay,39.525
United States of America,58.45
