Country,Alcohol,BMI,Area(sq.mi.)
Armenia,3.7026666666666666,44.70625,29800.0
Colombia,4.419333333333333,49.54375,1138910.0
Equatorial Guinea,7.342,17.85625,28051.0
Germany,11.628666666666668,51.99375,357021.0
Kazakhstan,6.641333333333334,45.15625,2717300.0
Montenegro,2.584285714285714,50.4875,5333.0
Nicaragua,3.5966666666666667,42.68125,129494.0
Nigeria,8.646666666666667,19.75,923768.0
Paraguay,5.527333333333333,39.525,406750.0
United States of America,8.579333333333333,58.45,3796742.0
